cfips,state,year,PS,TS,T2M,QV2M,RH2M,WS2M,WS10M,GWETTOP,T2M_MAX,T2M_MIN,GWETPROF,GWETROOT,PRECTOTCORR,ALLSKY_SRF_ALB,PRECTOTCORR_SUM,ALLSKY_SFC_SW_DWN,ALLSKY_SFC_PAR_TOT,CLRSKY_SFC_PAR_TOT,MAIZE_PRODUCTION(MT),LAND_HECTARES
1004,ANAMBRA,1981,99.81,24.98,25.0,16.54,83.19,1.77,2.65,0.79,33.05,14.54,0.91,0.79,5.27,0.24,1803.52,18.64,91.12,120.61,24.68,22.88
1004,ANAMBRA,1982,99.8,24.66,24.67,16.48,84.62,1.82,2.73,0.84,32.45,14.18,0.94,0.84,5.27,0.24,2478.52,18.64,91.12,120.61,24.68,22.88
1004,ANAMBRA,1983,99.85,24.68,24.69,16.24,83.06,1.97,2.95,0.82,34.03,12.32,0.91,0.83,10.55,0.24,3032.23,18.64,91.12,120.61,24.68,22.88
1004,ANAMBRA,1984,99.74,24.62,24.65,16.3,83.56,1.74,2.63,0.79,32.85,12.9,0.91,0.79,5.27,0.24,1919.53,18.64,91.12,120.61,24.68,22.88
1004,ANAMBRA,1985,99.77,24.83,24.86,16.17,82.5,1.76,2.64,0.74,32.83,13.77,0.89,0.73,5.27,0.23,1360.55,18.8,91.12,120.61,24.68,22.88
1004,ANAMBRA,1986,99.83,24.97,24.83,16.36,83.5,1.93,2.88,0.72,32.34,13.76,0.85,0.7,5.27,0.24,1550.39,18.17,91.12,120.61,24.68,22.88
1004,ANAMBRA,1987,99.8,25.73,25.65,17.09,83.12,1.76,2.63,0.73,33.51,14.99,0.85,0.73,5.27,0.23,1856.25,18.78,91.12,120.61,24.68,22.88
1004,ANAMBRA,1988,99.76,25.52,25.47,17.21,84.5,1.81,2.71,0.79,33.68,16.3,0.91,0.79,5.27,0.22,2204.3,18.4,91.12,120.61,24.68,22.88
1004,ANAMBRA,1989,99.8,24.47,24.57,16.05,82.38,1.88,2.83,0.8,33.23,11.58,0.91,0.8,5.27,0.2,2019.73,18.48,91.12,120.61,24.68,22.88
1004,ANAMBRA,1990,99.8,25.55,25.52,16.91,82.81,1.84,2.76,0.7,33.42,16.83,0.84,0.68,5.27,0.2,1049.41,18.25,91.12,120.61,24.68,22.88
1004,ANAMBRA,1991,99.8,25.51,25.4,16.78,82.88,1.91,2.86,0.67,33.26,14.32,0.8,0.66,5.27,0.21,1191.8,18.0,91.12,120.61,24.68,22.88
1004,ANAMBRA,1992,99.81,25.42,25.25,15.81,79.19,2.04,3.04,0.68,37.91,12.83,0.78,0.68,5.27,0.22,1988.09,18.16,91.12,120.61,24.68,22.88
1004,ANAMBRA,1993,99.8,25.01,25.05,16.66,83.56,1.91,2.86,0.77,32.83,12.8,0.88,0.77,5.27,0.2,2093.55,17.86,91.12,120.61,24.68,22.88
1004,ANAMBRA,1994,99.8,24.87,24.9,16.66,84.25,1.88,2.84,0.81,32.69,13.48,0.93,0.81,5.27,0.2,2172.66,18.67,91.12,120.61,24.68,22.88
1004,ANAMBRA,1995,99.78,25.05,25.12,16.85,84.12,1.76,2.66,0.82,32.47,14.8,0.92,0.82,5.27,0.2,2357.23,17.83,91.12,120.61,24.68,22.88
1004,ANAMBRA,1996,99.75,25.2,25.23,16.91,84.12,1.77,2.65,0.8,33.26,16.12,0.92,0.8,5.27,0.2,2051.37,18.09,91.12,120.61,24.68,22.88
1004,ANAMBRA,1997,99.82,25.07,25.16,16.66,82.94,1.8,2.72,0.78,33.37,14.23,0.91,0.77,5.27,0.2,1671.68,17.66,91.12,120.61,24.68,22.88
1004,ANAMBRA,1998,99.78,25.65,25.71,17.09,82.25,1.84,2.78,0.73,34.65,13.9,0.87,0.71,5.27,0.2,1365.82,18.19,91.12,120.61,24.68,22.88
1004,ANAMBRA,1999,99.73,25.83,25.63,17.09,83.25,1.84,2.77,0.62,33.04,15.05,0.77,0.62,0.0,0.2,696.09,17.8,91.12,120.61,24.68,22.88
1004,ANAMBRA,2000,99.74,25.65,25.5,16.17,79.94,1.93,2.88,0.71,36.6,13.93,0.81,0.73,5.27,0.2,2568.16,18.11,91.12,120.61,23.46,23.59
1004,ANAMBRA,2001,99.8,25.19,25.26,16.6,82.06,1.79,2.7,0.7,32.58,13.09,0.84,0.7,5.27,0.2,1170.7,17.29,91.12,120.61,25.63,25.63
1004,ANAMBRA,2002,99.8,25.29,25.33,16.72,82.25,1.86,2.8,0.72,34.44,12.69,0.84,0.71,5.27,0.18,1555.66,17.01,89.98,119.75,23.18,23.18
1004,ANAMBRA,2003,99.79,25.65,25.65,17.4,84.19,1.76,2.65,0.73,33.49,13.67,0.86,0.71,5.27,0.18,1439.65,16.99,90.09,118.91,22.47,22.47
1004,ANAMBRA,2004,99.78,25.6,25.61,17.4,84.56,1.8,2.73,0.7,33.36,15.3,0.84,0.69,5.27,0.18,1075.78,17.17,90.8,118.01,28.71,28.71
1004,ANAMBRA,2005,99.75,26.15,25.98,17.46,82.81,1.9,2.85,0.62,33.67,13.45,0.75,0.62,0.0,0.16,891.21,16.7,88.66,117.45,35.88,35.88
1004,ANAMBRA,2006,99.75,26.08,25.96,17.33,82.75,1.81,2.7,0.65,35.16,13.9,0.76,0.64,5.27,0.17,1386.91,17.1,90.74,118.31,38.906918,39.4
1004,ANAMBRA,2007,99.76,25.28,25.31,16.97,83.69,1.81,2.75,0.76,33.84,11.95,0.85,0.76,5.27,0.16,2515.43,17.01,90.37,118.59,82.9,39.4
1004,ANAMBRA,2008,99.73,25.23,25.34,16.91,83.06,1.68,2.56,0.73,32.4,13.38,0.88,0.72,5.27,0.16,1096.88,17.29,91.62,118.67,82.9,39.4
1004,ANAMBRA,2009,99.76,25.73,25.75,17.52,84.56,1.7,2.56,0.72,33.3,15.48,0.85,0.7,5.27,0.16,1355.27,16.87,89.81,118.5,82.9,39.4
1004,ANAMBRA,2010,99.75,25.83,25.87,17.64,84.44,1.7,2.59,0.74,34.12,15.13,0.87,0.73,5.27,0.16,1666.41,16.81,89.45,118.98,82.9,39.4
1004,ANAMBRA,2011,99.74,25.16,25.3,17.03,83.88,1.77,2.67,0.77,32.44,12.01,0.9,0.76,5.27,0.17,1429.1,16.92,89.45,117.92,82.9,39.4
1004,ANAMBRA,2012,99.79,25.34,25.35,17.21,84.75,1.79,2.71,0.73,32.63,14.48,0.88,0.72,5.27,0.16,1397.46,16.69,88.85,118.49,82.9,39.4
1004,ANAMBRA,2013,99.81,25.55,25.54,17.58,85.62,1.79,2.7,0.77,32.91,13.26,0.89,0.76,5.27,0.16,1645.31,16.73,89.22,118.86,82.9,39.4
1004,ANAMBRA,2014,99.81,25.86,25.81,17.46,84.0,1.71,2.59,0.7,32.8,15.76,0.85,0.69,0.0,0.16,943.95,16.77,89.49,118.93,69.4,40.0
1004,ANAMBRA,2015,99.85,25.76,25.69,16.97,81.81,1.95,2.95,0.62,33.73,12.33,0.75,0.62,0.0,0.16,938.67,16.59,88.16,117.04,72.47,46.4
1004,ANAMBRA,2016,99.82,26.36,26.25,17.09,80.44,1.84,2.77,0.62,37.65,15.65,0.73,0.62,5.27,0.16,1413.28,16.84,89.57,117.3,80.61,45.27
1004,ANAMBRA,2017,99.79,26.01,26.0,17.58,83.69,1.67,2.54,0.72,34.33,16.3,0.83,0.71,5.27,0.16,1819.34,17.1,90.55,116.61,88.18,50.16
1004,ANAMBRA,2018,99.79,25.55,25.67,17.27,83.44,1.77,2.68,0.77,33.81,11.33,0.88,0.77,5.27,0.16,1903.71,17.01,90.33,118.2,102.35,56.68
1004,ANAMBRA,2019,99.81,25.8,25.89,17.58,84.0,1.71,2.59,0.77,32.87,15.71,0.89,0.77,5.27,0.16,1956.45,17.03,90.59,119.88,108.155,54.92
1004,ANAMBRA,2020,99.81,25.64,25.76,17.09,82.38,1.74,2.64,0.77,33.71,12.66,0.9,0.77,5.27,0.16,1887.89,17.57,92.99,119.45,104.29,53.18
1004,ANAMBRA,2021,99.77,25.78,25.8,17.58,84.62,1.67,2.56,0.78,33.2,16.54,0.91,0.78,5.12,0.15,1869.85,17.37,91.82,117.92,109.5,55.08
1006,BAYELSA,1981,100.93,25.62,25.39,17.33,86.44,1.34,2.17,0.87,32.89,17.4,0.92,0.88,10.55,0.21,3005.86,16.1,83.08,120.16,15.0,1.81
1006,BAYELSA,1982,100.93,25.22,24.98,17.15,87.69,1.38,2.21,0.91,32.23,15.86,0.95,0.93,15.82,0.21,5605.66,16.1,83.08,120.16,15.0,1.81
1006,BAYELSA,1983,100.98,25.27,24.99,16.91,86.12,1.47,2.37,0.86,34.23,13.77,0.9,0.87,15.82,0.21,4888.48,16.1,83.08,120.16,15.0,1.81
1006,BAYELSA,1984,100.86,25.26,25.05,17.09,86.75,1.28,2.09,0.88,32.6,15.35,0.94,0.9,5.27,0.21,2499.61,16.1,83.08,120.16,15.0,1.81
1006,BAYELSA,1985,100.9,25.39,25.15,17.09,86.69,1.34,2.15,0.86,32.91,17.82,0.92,0.88,5.27,0.2,2051.37,15.85,83.08,120.16,15.0,1.81
1006,BAYELSA,1986,100.96,25.22,24.95,16.97,87.0,1.45,2.33,0.87,31.9,15.31,0.92,0.88,5.27,0.2,2842.38,15.81,83.08,120.16,15.0,1.81
1006,BAYELSA,1987,100.93,26.06,25.8,18.07,87.81,1.38,2.22,0.88,32.94,18.0,0.94,0.89,10.55,0.2,3005.86,16.05,83.08,120.16,15.0,1.81
1006,BAYELSA,1988,100.89,25.85,25.61,17.94,88.12,1.41,2.26,0.89,33.12,18.14,0.94,0.91,10.55,0.19,3206.25,16.15,83.08,120.16,15.0,1.81
1006,BAYELSA,1989,100.92,25.09,24.97,16.85,85.88,1.39,2.26,0.88,33.07,13.88,0.92,0.88,10.55,0.18,3190.43,16.11,83.08,120.16,15.0,1.81
1006,BAYELSA,1990,100.93,26.0,25.73,17.76,86.94,1.45,2.32,0.81,33.6,17.9,0.88,0.8,5.27,0.18,1750.78,15.74,83.08,120.16,15.0,1.81
1006,BAYELSA,1991,100.93,25.74,25.51,17.64,87.19,1.46,2.34,0.86,32.16,15.68,0.92,0.86,5.27,0.2,1961.72,15.42,83.08,120.16,15.0,1.81
1006,BAYELSA,1992,100.95,25.3,25.12,17.09,86.5,1.47,2.36,0.87,33.46,13.3,0.91,0.88,10.55,0.2,3385.55,16.12,83.08,120.16,15.0,1.81
1006,BAYELSA,1993,100.93,25.49,25.3,17.52,87.5,1.43,2.3,0.88,32.69,15.35,0.92,0.88,10.55,0.18,3042.77,15.46,83.08,120.16,15.0,1.81
1006,BAYELSA,1994,100.92,25.47,25.28,17.52,87.69,1.42,2.3,0.9,32.92,15.83,0.95,0.91,10.55,0.18,3622.85,16.4,83.08,120.16,15.0,1.81
1006,BAYELSA,1995,100.9,25.69,25.51,17.76,87.75,1.37,2.2,0.9,32.69,16.74,0.94,0.91,10.55,0.17,3686.13,15.83,83.08,120.16,15.0,1.81
1006,BAYELSA,1996,100.88,25.76,25.51,17.88,88.44,1.4,2.24,0.88,32.94,19.37,0.94,0.9,10.55,0.18,3253.71,15.71,83.08,120.16,15.0,1.81
1006,BAYELSA,1997,100.95,25.62,25.44,17.58,87.19,1.45,2.31,0.88,32.94,16.26,0.94,0.9,10.55,0.17,2968.95,15.06,83.08,120.16,15.0,1.81
1006,BAYELSA,1998,100.91,26.19,26.02,18.13,86.69,1.4,2.27,0.85,34.62,16.12,0.91,0.86,5.27,0.18,2209.57,16.11,83.08,120.16,15.0,1.81
1006,BAYELSA,1999,100.86,25.89,25.66,17.94,87.81,1.37,2.22,0.78,31.92,16.81,0.84,0.77,5.27,0.17,1339.45,15.19,83.08,120.16,15.0,1.81
1006,BAYELSA,2000,100.87,25.52,25.4,17.64,87.62,1.38,2.25,0.86,32.58,16.67,0.91,0.87,10.55,0.18,3332.81,15.35,83.08,120.16,14.4,2.2
1006,BAYELSA,2001,100.93,25.67,25.5,17.64,87.06,1.41,2.27,0.84,32.28,14.93,0.91,0.84,5.27,0.13,1729.69,15.34,83.08,120.16,14.6,1.42
1006,BAYELSA,2002,100.93,25.77,25.65,17.82,87.19,1.4,2.25,0.86,32.77,15.0,0.91,0.88,5.27,0.13,2304.49,14.87,80.73,120.22,14.6,1.49
1006,BAYELSA,2003,100.91,26.01,25.87,18.37,88.69,1.37,2.21,0.87,33.3,16.26,0.92,0.88,5.27,0.13,1982.81,14.96,81.37,119.89,14.55,2.72
1006,BAYELSA,2004,100.91,25.94,25.81,18.37,88.94,1.4,2.27,0.87,32.81,18.91,0.93,0.88,5.27,0.13,1708.59,14.77,80.1,118.15,11.0,1.37
1006,BAYELSA,2005,100.88,26.18,25.99,18.31,87.69,1.45,2.35,0.79,32.48,14.12,0.85,0.79,5.27,0.13,1624.22,15.29,82.94,118.96,21.8,1.53
1006,BAYELSA,2006,100.88,26.1,25.94,18.49,88.94,1.38,2.24,0.84,32.99,16.85,0.91,0.84,5.27,0.13,2067.19,15.13,82.28,119.89,93.1,39.6
1006,BAYELSA,2007,100.88,25.69,25.58,17.94,88.0,1.39,2.27,0.86,32.88,14.23,0.91,0.87,10.55,0.13,3628.12,15.45,83.66,120.07,93.1,39.6
1006,BAYELSA,2008,100.85,25.79,25.68,17.82,87.12,1.33,2.16,0.84,32.37,15.73,0.91,0.84,5.27,0.13,1434.38,15.49,83.8,119.68,93.1,39.6
1006,BAYELSA,2009,100.88,26.09,25.94,18.49,89.06,1.35,2.2,0.87,32.88,20.19,0.92,0.88,5.27,0.13,2214.84,14.98,81.56,120.13,93.1,39.6
1006,BAYELSA,2010,100.87,26.32,26.17,18.62,88.25,1.34,2.16,0.86,32.98,17.54,0.91,0.87,5.27,0.13,2278.12,15.35,83.31,119.84,93.1,39.6
1006,BAYELSA,2011,100.86,25.76,25.67,17.94,87.75,1.36,2.2,0.87,32.53,15.76,0.92,0.88,5.27,0.12,2225.39,14.92,80.82,118.78,93.1,39.6
1006,BAYELSA,2012,100.92,25.69,25.58,17.94,88.06,1.4,2.27,0.85,32.44,16.97,0.91,0.86,5.27,0.12,2040.82,15.08,81.89,119.12,93.1,39.6
1006,BAYELSA,2013,100.93,25.8,25.65,18.19,89.0,1.41,2.29,0.88,32.96,16.64,0.94,0.9,5.27,0.12,2494.34,15.09,82.12,119.96,93.1,39.6
1006,BAYELSA,2014,100.94,26.19,26.0,18.31,87.94,1.35,2.19,0.83,32.76,18.86,0.91,0.83,5.27,0.12,1186.52,15.13,82.34,119.74,48.8,46.9
1006,BAYELSA,2015,100.98,25.85,25.73,17.82,86.62,1.46,2.35,0.81,32.99,13.52,0.87,0.81,5.27,0.12,1819.34,15.19,82.44,118.37,53.43,47.7
1006,BAYELSA,2016,100.95,26.35,26.19,18.49,87.81,1.38,2.23,0.84,33.69,16.37,0.9,0.85,5.27,0.12,2172.66,14.93,81.03,117.52,71.86,41.74
1006,BAYELSA,2017,100.91,26.25,26.1,18.62,88.75,1.32,2.14,0.88,32.63,18.3,0.94,0.9,10.55,0.12,2979.49,14.81,80.24,117.24,79.15,45.45
1006,BAYELSA,2018,100.91,26.08,25.97,18.31,88.06,1.34,2.17,0.88,34.13,14.25,0.94,0.9,10.55,0.12,3179.88,15.22,82.4,118.51,80.5,46.91
1006,BAYELSA,2019,100.93,26.27,26.16,18.49,87.88,1.34,2.18,0.88,32.54,18.55,0.93,0.88,10.55,0.12,3243.16,15.0,81.6,120.35,81.535,49.39
1006,BAYELSA,2020,100.93,26.23,26.08,18.31,87.44,1.36,2.2,0.88,33.54,15.93,0.93,0.9,10.55,0.12,3459.38,15.57,84.08,119.02,82.58,52.05
1006,BAYELSA,2021,100.89,26.26,26.12,18.55,88.5,1.3,2.12,0.92,33.3,18.67,0.96,0.95,9.55,0.12,3486.29,15.36,82.61,117.55,87.21,57.22
1007,BENUE,1981,99.36,25.21,25.18,15.44,76.94,1.88,2.79,0.73,36.32,13.37,0.77,0.72,5.27,0.23,1444.92,19.06,97.19,123.32,108.05,102.0
1007,BENUE,1982,99.36,24.83,24.83,15.62,79.62,1.86,2.77,0.79,35.38,13.73,0.83,0.78,5.27,0.23,1856.25,19.06,97.19,123.32,108.05,102.0
1007,BENUE,1983,99.4,25.04,24.98,15.26,76.81,2.05,3.04,0.77,37.25,11.47,0.82,0.77,5.27,0.23,1945.9,19.06,97.19,123.32,108.05,102.0
1007,BENUE,1984,99.3,24.73,24.76,15.44,78.5,1.81,2.7,0.74,35.1,11.87,0.78,0.73,5.27,0.23,1397.46,19.06,97.19,123.32,108.05,102.0
1007,BENUE,1985,99.33,25.08,25.1,15.2,76.31,1.87,2.76,0.7,35.4,13.22,0.74,0.69,5.27,0.22,1175.98,19.29,97.19,123.32,108.05,102.0
1007,BENUE,1986,99.37,25.68,25.4,15.44,76.62,2.03,2.97,0.67,36.3,12.06,0.7,0.66,5.27,0.23,1323.63,19.08,97.19,123.32,108.05,102.0
1007,BENUE,1987,99.35,26.36,26.19,15.75,74.75,1.82,2.67,0.68,37.44,13.65,0.72,0.67,5.27,0.23,1307.81,19.32,97.19,123.32,108.05,102.0
1007,BENUE,1988,99.32,25.98,25.84,15.99,77.12,1.88,2.78,0.7,37.52,15.55,0.75,0.7,5.27,0.2,1429.1,19.06,97.19,123.32,108.05,102.0
1007,BENUE,1989,99.36,24.93,24.88,14.89,75.31,2.05,3.03,0.72,36.84,10.64,0.77,0.72,5.27,0.2,1476.56,19.2,97.19,123.32,108.05,102.0
1007,BENUE,1990,99.35,25.93,25.87,15.69,76.0,1.91,2.84,0.66,37.23,14.87,0.7,0.66,5.27,0.2,1091.6,18.9,97.19,123.32,108.05,102.0
1007,BENUE,1991,99.35,25.9,25.73,15.75,76.5,1.95,2.87,0.67,37.5,13.23,0.72,0.67,5.27,0.2,1181.25,18.71,97.19,123.32,108.05,102.0
1007,BENUE,1992,99.38,25.08,25.12,14.95,74.94,2.05,3.05,0.72,38.27,11.07,0.77,0.72,5.27,0.21,1571.48,18.86,97.19,123.32,108.05,102.0
1007,BENUE,1993,99.36,25.23,25.24,15.81,78.06,1.98,2.95,0.74,35.65,11.41,0.79,0.73,5.27,0.2,1439.65,18.8,97.19,123.32,108.05,102.0
1007,BENUE,1994,99.36,25.08,25.08,15.69,78.62,1.96,2.92,0.75,35.44,12.3,0.79,0.74,5.27,0.2,1576.76,19.15,97.19,123.32,108.05,102.0
1007,BENUE,1995,99.34,25.08,25.19,15.93,78.94,1.85,2.76,0.78,35.12,13.77,0.82,0.78,5.27,0.2,1777.15,18.63,97.19,123.32,108.05,102.0
1007,BENUE,1996,99.31,25.23,25.29,15.93,78.75,1.84,2.72,0.77,35.01,13.21,0.8,0.75,5.27,0.19,1502.93,18.8,97.19,123.32,108.05,102.0
1007,BENUE,1997,99.38,25.01,25.18,15.75,78.19,1.81,2.72,0.78,34.59,12.2,0.83,0.77,5.27,0.2,1592.58,18.55,97.19,123.32,108.05,102.0
1007,BENUE,1998,99.34,25.76,25.88,16.05,76.56,1.87,2.79,0.73,38.41,11.97,0.77,0.72,5.27,0.19,1334.18,18.87,97.19,123.32,108.05,102.0
1007,BENUE,1999,99.27,26.77,26.34,15.75,74.25,1.99,2.94,0.59,37.39,13.13,0.64,0.59,0.0,0.19,754.1,18.44,97.19,123.32,108.05,102.0
1007,BENUE,2000,99.29,26.21,25.98,14.71,71.62,2.04,3.0,0.7,39.78,12.45,0.78,0.75,5.27,0.2,2162.11,18.7,97.19,123.32,110.29,104.26
1007,BENUE,2001,99.37,24.82,25.04,15.62,77.75,1.81,2.72,0.77,34.51,11.86,0.81,0.76,5.27,0.16,1413.28,18.37,97.19,123.32,109.45,104.07
1007,BENUE,2002,99.36,25.33,25.4,15.81,77.25,1.92,2.88,0.74,36.54,12.4,0.79,0.73,5.27,0.17,1402.73,18.3,96.91,122.41,109.48,104.13
1007,BENUE,2003,99.35,25.74,25.73,16.17,78.19,1.79,2.7,0.7,35.51,12.25,0.73,0.68,5.27,0.16,1149.61,18.14,96.24,121.1,109.58,104.2
1007,BENUE,2004,99.33,26.19,25.98,15.93,76.38,1.94,2.9,0.65,38.08,15.49,0.7,0.65,5.27,0.16,1033.59,18.22,96.37,120.5,109.51,104.11
1007,BENUE,2005,99.3,26.79,26.45,16.24,75.38,2.06,3.03,0.62,37.78,13.48,0.67,0.63,5.27,0.16,1075.78,17.92,95.2,120.22,109.55,104.15
1007,BENUE,2006,99.31,26.3,26.12,16.24,76.62,1.91,2.81,0.66,37.3,11.48,0.7,0.66,5.27,0.16,1218.16,18.1,96.27,120.97,452.2,117.7
1007,BENUE,2007,99.32,25.57,25.54,15.87,77.25,1.94,2.88,0.73,37.58,11.58,0.77,0.74,5.27,0.16,1713.87,18.09,96.13,120.96,452.2,117.7
1007,BENUE,2008,99.3,25.3,25.42,15.87,77.56,1.77,2.66,0.72,34.85,12.0,0.77,0.71,5.27,0.16,1186.52,18.39,97.65,121.41,452.2,117.7
1007,BENUE,2009,99.31,26.26,26.11,16.36,77.75,1.76,2.62,0.66,36.74,13.24,0.7,0.66,5.27,0.16,1070.51,17.97,95.73,120.78,452.2,117.7
1007,BENUE,2010,99.31,26.4,26.23,16.36,77.25,1.9,2.81,0.69,38.65,13.72,0.73,0.68,5.27,0.16,1350.0,17.95,95.45,121.14,452.2,117.7
1007,BENUE,2011,99.3,25.62,25.57,15.93,77.31,1.91,2.85,0.69,36.08,11.87,0.73,0.68,5.27,0.16,1133.79,17.83,94.2,120.08,452.2,117.7
1007,BENUE,2012,99.35,26.12,25.86,16.05,77.62,1.94,2.87,0.68,37.73,13.35,0.72,0.68,5.27,0.15,1276.17,17.83,94.74,120.42,452.2,117.7
1007,BENUE,2013,99.36,26.53,26.2,16.36,77.25,1.98,2.92,0.63,36.86,13.13,0.67,0.62,0.0,0.15,754.1,17.73,94.46,121.32,452.2,117.7
1007,BENUE,2014,99.36,27.29,26.79,15.81,73.31,1.94,2.85,0.58,38.94,15.24,0.63,0.59,0.0,0.16,880.66,17.77,94.65,121.56,378.6,140.1
1007,BENUE,2015,99.4,27.4,26.8,15.2,69.88,2.2,3.21,0.55,39.06,12.58,0.61,0.57,0.0,0.16,806.84,17.8,94.34,120.09,365.4,142.1
1007,BENUE,2016,99.38,27.02,26.76,15.5,71.56,1.99,2.93,0.61,39.98,14.89,0.66,0.62,5.27,0.16,1181.25,17.88,94.78,119.87,305.86,120.78
1007,BENUE,2017,99.34,26.73,26.55,15.99,74.38,1.79,2.66,0.63,38.21,15.14,0.68,0.63,5.27,0.16,1059.96,18.19,96.12,119.37,342.76,136.94
1007,BENUE,2018,99.34,26.96,26.64,15.62,72.31,2.07,3.03,0.59,38.65,11.69,0.65,0.6,0.0,0.16,922.85,18.13,95.76,120.66,404.46,153.37
1007,BENUE,2019,99.35,27.69,27.2,15.56,70.44,2.02,2.94,0.55,39.48,14.38,0.62,0.59,0.0,0.16,870.12,18.08,95.93,122.43,391.61,157.155
1007,BENUE,2020,99.37,26.88,26.62,15.2,71.0,2.0,2.96,0.6,40.34,13.44,0.66,0.62,5.27,0.16,1081.05,18.72,98.71,121.71,379.17,161.11
1007,BENUE,2021,99.32,26.91,26.67,15.44,72.06,1.88,2.77,0.62,39.52,15.38,0.67,0.62,3.86,0.16,1410.09,18.37,96.51,120.38,386.33,163.59
1012,EDO,1981,100.04,24.91,24.91,17.03,86.5,0.88,1.7,0.79,32.51,15.23,0.91,0.79,5.27,0.24,1972.27,18.4,85.8,119.23,46.3,49.29
1012,EDO,1982,100.04,24.52,24.51,16.78,87.06,0.9,1.74,0.84,32.29,14.5,0.95,0.84,5.27,0.24,2547.07,18.4,85.8,119.23,46.3,49.29
1012,EDO,1983,100.08,24.63,24.58,16.6,85.69,0.94,1.84,0.81,34.76,12.9,0.92,0.82,10.55,0.24,3090.23,18.4,85.8,119.23,46.3,49.29
1012,EDO,1984,99.97,24.5,24.51,16.66,86.44,0.85,1.69,0.79,32.52,13.56,0.91,0.78,5.27,0.24,2056.64,18.4,85.8,119.23,46.3,49.29
1012,EDO,1985,100.0,24.69,24.7,16.72,86.12,0.86,1.68,0.74,32.92,14.19,0.89,0.73,5.27,0.23,1481.84,18.1,85.8,119.23,46.3,49.29
1012,EDO,1986,100.06,24.68,24.62,16.66,86.12,0.92,1.8,0.71,32.32,14.93,0.85,0.7,5.27,0.24,1555.66,17.44,85.8,119.23,46.3,49.29
1012,EDO,1987,100.03,25.55,25.52,17.58,86.25,0.84,1.66,0.73,33.66,15.9,0.85,0.73,5.27,0.23,2051.37,17.93,85.8,119.23,46.3,49.29
1012,EDO,1988,100.0,25.28,25.24,17.64,87.75,0.88,1.73,0.79,33.39,16.69,0.91,0.78,5.27,0.23,2225.39,17.84,85.8,119.23,46.3,49.29
1012,EDO,1989,100.03,24.38,24.46,16.48,85.62,0.91,1.79,0.8,32.48,12.83,0.92,0.8,5.27,0.2,2214.84,17.61,85.8,119.23,46.3,49.29
1012,EDO,1990,100.03,25.34,25.3,17.4,86.56,0.89,1.75,0.7,33.23,16.72,0.85,0.68,5.27,0.2,1038.87,17.28,85.8,119.23,46.3,49.29
1012,EDO,1991,100.03,25.27,25.23,17.15,85.75,0.9,1.77,0.69,33.74,15.25,0.82,0.67,5.27,0.21,1350.0,17.37,85.8,119.23,46.3,49.29
1012,EDO,1992,100.05,24.94,24.91,16.36,83.56,0.95,1.87,0.71,37.32,12.93,0.82,0.71,5.27,0.22,2019.73,17.48,85.8,119.23,46.3,49.29
1012,EDO,1993,100.03,24.85,24.86,17.03,86.56,0.92,1.82,0.77,33.02,13.99,0.89,0.77,5.27,0.21,2109.38,17.47,85.8,119.23,46.3,49.29
1012,EDO,1994,100.03,24.73,24.75,17.09,87.44,0.91,1.78,0.82,32.76,14.41,0.94,0.82,5.27,0.2,2383.59,17.75,85.8,119.23,46.3,49.29
1012,EDO,1995,100.0,24.97,25.03,17.4,87.56,0.88,1.7,0.83,32.23,15.76,0.94,0.84,5.27,0.2,2615.62,17.0,85.8,119.23,46.3,49.29
1012,EDO,1996,99.98,25.03,25.08,17.46,87.62,0.87,1.69,0.82,32.81,16.76,0.93,0.82,5.27,0.21,2193.75,17.7,85.8,119.23,46.3,49.29
1012,EDO,1997,100.05,24.96,25.01,17.21,86.69,0.89,1.73,0.8,33.35,14.82,0.92,0.79,5.27,0.2,1808.79,17.03,85.8,119.23,46.3,49.29
1012,EDO,1998,100.01,25.56,25.58,17.64,85.75,0.89,1.76,0.73,34.85,14.88,0.88,0.71,5.27,0.2,1444.92,17.72,85.8,119.23,46.3,49.29
1012,EDO,1999,99.96,25.55,25.46,17.46,86.19,0.85,1.71,0.63,33.85,15.92,0.77,0.62,0.0,0.2,780.47,17.24,85.8,119.23,46.3,49.29
1012,EDO,2000,99.97,25.45,25.38,16.78,83.62,0.89,1.76,0.73,36.77,14.48,0.83,0.74,10.55,0.21,2895.12,17.3,85.8,119.23,43.36,45.88
1012,EDO,2001,100.03,24.99,25.08,17.21,86.19,0.88,1.72,0.73,32.23,14.63,0.88,0.72,5.27,0.16,1260.35,16.03,85.8,119.23,43.32,44.43
1012,EDO,2002,100.03,25.13,25.2,17.33,86.12,0.88,1.75,0.76,33.62,14.27,0.88,0.75,5.27,0.15,1866.8,15.68,83.95,118.64,43.32,38.9
1012,EDO,2003,100.02,25.39,25.43,18.01,88.44,0.84,1.66,0.77,33.32,15.05,0.91,0.77,5.27,0.15,1592.58,15.93,85.41,117.94,43.32,41.59
1012,EDO,2004,100.01,25.38,25.41,17.94,88.31,0.86,1.71,0.74,32.8,15.81,0.89,0.73,5.27,0.14,1186.52,16.02,85.82,116.38,44.0,44.7
1012,EDO,2005,99.98,25.76,25.75,17.94,86.31,0.88,1.76,0.65,33.51,14.4,0.78,0.64,0.0,0.14,843.75,15.76,84.59,116.31,45.47,45.05
1012,EDO,2006,99.98,25.74,25.74,18.01,87.06,0.83,1.66,0.67,34.24,16.05,0.78,0.66,5.27,0.14,1344.73,15.94,85.7,117.2,165.9,50.3
1012,EDO,2007,99.99,25.17,25.24,17.52,86.81,0.86,1.73,0.77,33.88,13.71,0.87,0.78,5.27,0.14,2647.27,16.21,86.79,117.38,165.9,50.3
1012,EDO,2008,99.96,25.05,25.15,17.52,87.25,0.83,1.65,0.75,32.3,14.15,0.9,0.73,5.27,0.14,1218.16,16.48,88.17,117.46,165.9,50.3
1012,EDO,2009,99.99,25.4,25.45,18.07,88.56,0.83,1.66,0.75,32.65,16.48,0.89,0.74,5.27,0.15,1529.3,16.15,86.7,117.77,165.9,50.3
1012,EDO,2010,99.98,25.62,25.67,18.25,88.31,0.83,1.64,0.76,33.03,15.67,0.88,0.75,5.27,0.14,1729.69,16.1,86.61,117.98,165.9,50.3
1012,EDO,2011,99.96,24.99,25.12,17.58,87.69,0.85,1.7,0.78,32.43,13.78,0.91,0.77,5.27,0.14,1539.84,16.04,85.8,116.84,165.9,50.3
1012,EDO,2012,100.02,25.07,25.12,17.64,88.12,0.88,1.73,0.76,32.2,15.42,0.89,0.74,5.27,0.13,1524.02,15.74,84.55,117.17,165.9,50.3
1012,EDO,2013,100.04,25.26,25.28,17.94,89.0,0.87,1.72,0.79,32.17,14.47,0.91,0.78,5.27,0.14,1782.42,16.18,87.06,118.27,165.9,50.3
1012,EDO,2014,100.04,25.53,25.55,17.94,87.69,0.84,1.66,0.72,32.21,16.46,0.88,0.7,0.0,0.14,949.22,16.07,86.54,117.95,122.5,92.1
1012,EDO,2015,100.08,25.47,25.48,17.4,85.31,0.91,1.82,0.66,33.75,12.91,0.8,0.65,5.27,0.13,1144.34,15.9,85.29,115.84,128.83,94.7
1012,EDO,2016,100.06,25.87,25.87,17.94,86.25,0.86,1.71,0.72,36.51,16.67,0.81,0.71,5.27,0.13,1940.62,16.04,86.24,116.22,140.31,83.18
1012,EDO,2017,100.02,25.63,25.67,18.31,88.69,0.81,1.61,0.8,33.18,16.86,0.92,0.8,5.27,0.13,2246.48,16.06,86.22,115.66,151.54,90.12
1012,EDO,2018,100.02,25.3,25.4,17.88,87.81,0.86,1.7,0.81,33.14,13.3,0.92,0.81,5.27,0.14,2167.38,16.02,85.84,117.17,166.91,99.13
1012,EDO,2019,100.03,25.55,25.64,18.19,88.31,0.84,1.66,0.82,32.33,16.44,0.93,0.82,5.27,0.14,2568.16,15.77,84.84,118.58,169.375,104.625
1012,EDO,2020,100.04,25.37,25.46,17.76,87.0,0.87,1.71,0.8,33.39,13.01,0.91,0.79,5.27,0.14,2040.82,16.45,87.76,117.81,167.88,110.54
1012,EDO,2021,100.0,25.55,25.6,18.31,89.19,0.81,1.62,0.85,33.22,17.12,0.95,0.86,6.43,0.14,2348.09,16.35,87.16,116.58,159.7,108.06
1019,KADUNA,1981,94.12,23.42,23.25,12.39,66.06,2.12,3.19,0.6,39.07,10.17,0.65,0.59,5.27,0.24,1444.92,20.82,104.23,124.22,372.8,371.94
1019,KADUNA,1982,94.12,23.14,23.04,13.06,70.19,2.01,3.01,0.63,36.75,10.16,0.67,0.62,5.27,0.24,1502.93,20.82,104.23,124.22,372.8,371.94
1019,KADUNA,1983,94.17,23.02,23.03,11.96,64.38,2.26,3.39,0.63,39.58,8.65,0.69,0.63,5.27,0.24,1740.23,20.82,104.23,124.22,372.8,371.94
1019,KADUNA,1984,94.06,22.82,22.84,13.0,70.19,1.96,2.96,0.64,37.03,8.75,0.69,0.62,5.27,0.24,1539.84,20.82,104.23,124.22,372.8,371.94
1019,KADUNA,1985,94.09,22.85,22.8,12.51,68.0,2.12,3.2,0.61,36.18,9.87,0.66,0.59,5.27,0.24,1313.09,21.19,104.23,124.22,372.8,371.94
1019,KADUNA,1986,94.13,23.3,23.11,13.0,69.44,2.07,3.11,0.62,37.55,8.62,0.66,0.6,5.27,0.24,1587.3,20.89,104.23,124.22,372.8,371.94
1019,KADUNA,1987,94.12,23.64,23.62,12.27,64.44,2.09,3.17,0.61,39.33,10.15,0.66,0.6,5.27,0.24,1545.12,20.95,104.23,124.22,372.8,371.94
1019,KADUNA,1988,94.09,23.29,23.25,12.88,68.94,2.2,3.33,0.65,38.57,9.9,0.7,0.64,5.27,0.23,1829.88,20.61,104.23,124.22,372.8,371.94
1019,KADUNA,1989,94.13,22.5,22.41,12.33,68.19,2.35,3.52,0.66,38.94,7.54,0.71,0.66,5.27,0.21,1972.27,20.73,104.23,124.22,372.8,371.94
1019,KADUNA,1990,94.13,23.47,23.5,13.12,68.56,2.13,3.19,0.63,38.61,9.67,0.69,0.62,5.27,0.21,1450.2,21.09,104.23,124.22,372.8,371.94
1019,KADUNA,1991,94.13,23.25,23.25,13.37,70.88,1.99,3.03,0.66,37.18,8.89,0.7,0.65,5.27,0.21,1560.94,20.78,104.23,124.22,372.8,371.94
1019,KADUNA,1992,94.15,22.68,22.69,12.7,68.88,2.27,3.39,0.66,37.68,6.85,0.7,0.64,5.27,0.23,1698.05,20.4,104.23,124.22,372.8,371.94
1019,KADUNA,1993,94.12,22.94,22.96,13.12,70.06,2.11,3.17,0.66,37.2,7.56,0.72,0.66,5.27,0.22,1771.88,21.06,104.23,124.22,372.8,371.94
1019,KADUNA,1994,94.13,22.49,22.55,13.18,72.31,2.25,3.39,0.7,37.8,8.1,0.74,0.69,5.27,0.21,2130.47,20.62,104.23,124.22,372.8,371.94
1019,KADUNA,1995,94.11,22.77,22.8,13.49,72.75,2.1,3.19,0.69,37.19,10.2,0.73,0.68,5.27,0.21,1787.7,20.39,104.23,124.22,372.8,371.94
1019,KADUNA,1996,94.08,22.87,22.9,13.24,71.62,2.02,3.09,0.68,36.69,10.23,0.73,0.66,5.27,0.22,1824.61,20.77,104.23,124.22,372.8,371.94
1019,KADUNA,1997,94.16,22.84,22.94,13.31,70.56,2.09,3.14,0.69,36.09,9.58,0.73,0.67,5.27,0.21,1782.42,20.79,104.23,124.22,372.8,371.94
1019,KADUNA,1998,94.14,23.3,23.34,13.18,69.06,2.28,3.44,0.67,38.49,8.23,0.73,0.66,5.27,0.21,1908.98,20.39,104.23,124.22,372.8,371.94
1019,KADUNA,1999,94.05,24.55,24.27,12.02,61.38,2.11,3.18,0.5,39.05,9.37,0.55,0.5,0.0,0.21,806.84,20.73,104.23,124.22,372.8,371.94
1019,KADUNA,2000,94.08,24.38,24.08,11.41,59.62,2.38,3.5,0.59,41.16,9.15,0.67,0.62,5.27,0.22,1908.98,20.79,104.23,124.22,319.3,315.01
1019,KADUNA,2001,94.14,22.51,22.65,12.39,67.0,2.22,3.39,0.64,36.47,8.88,0.69,0.62,5.27,0.17,1508.2,20.17,104.23,124.22,317.33,315.5
1019,KADUNA,2002,94.15,23.37,23.31,12.7,66.38,2.24,3.38,0.62,38.96,7.58,0.66,0.61,5.27,0.17,1618.95,20.28,105.51,122.78,320.5,318.0
1019,KADUNA,2003,94.13,23.76,23.78,12.63,65.19,2.04,3.09,0.59,38.9,8.82,0.62,0.57,5.27,0.17,1307.81,20.44,106.31,123.7,320.6,318.07
1019,KADUNA,2004,94.11,25.47,24.98,11.72,57.31,2.26,3.33,0.46,39.98,12.58,0.52,0.48,0.0,0.17,664.45,20.29,105.28,121.98,338.85,316.16
1019,KADUNA,2005,94.08,26.43,25.8,11.41,54.31,2.22,3.28,0.42,40.9,10.82,0.48,0.46,0.0,0.17,849.02,19.91,103.27,121.23,419.99,316.2
1019,KADUNA,2006,94.08,26.29,25.62,11.23,53.81,2.15,3.18,0.43,40.25,10.15,0.49,0.47,0.0,0.17,743.55,20.16,104.44,121.71,686.6,407.3
1019,KADUNA,2007,94.09,24.47,24.19,12.15,62.0,2.3,3.42,0.56,40.94,9.33,0.62,0.57,5.27,0.17,1582.03,20.0,103.96,121.98,686.6,407.3
1019,KADUNA,2008,94.08,24.04,23.85,12.02,62.19,2.25,3.37,0.55,39.19,8.59,0.59,0.55,5.27,0.17,1191.8,20.15,104.64,122.45,686.6,407.3
1019,KADUNA,2009,94.09,25.39,24.97,12.33,60.88,2.05,3.05,0.48,39.49,11.61,0.52,0.48,0.0,0.17,859.57,20.08,104.52,122.56,686.6,407.3
1019,KADUNA,2010,94.09,25.31,24.87,12.57,62.44,2.15,3.18,0.52,40.98,9.67,0.57,0.53,5.27,0.18,1202.34,19.95,103.77,123.23,686.6,407.3
1019,KADUNA,2011,94.07,24.69,24.38,11.78,59.44,2.19,3.25,0.51,39.93,9.84,0.55,0.51,5.27,0.17,1054.69,20.39,105.69,122.73,686.6,407.3
1019,KADUNA,2012,94.12,24.29,24.06,12.33,63.81,2.16,3.22,0.59,39.44,8.83,0.65,0.6,5.27,0.17,1666.41,19.51,101.54,122.28,686.6,407.3
1019,KADUNA,2013,94.13,25.29,24.8,12.51,62.19,2.02,3.01,0.48,38.94,10.17,0.53,0.48,0.0,0.17,696.09,20.12,105.15,124.66,686.6,407.3
1019,KADUNA,2014,94.14,25.68,25.12,12.15,59.38,2.14,3.15,0.48,40.41,11.15,0.54,0.51,5.27,0.17,1170.7,20.05,104.76,124.05,892.7,363.9
1019,KADUNA,2015,94.19,24.94,24.53,11.6,58.38,2.38,3.51,0.55,40.89,7.51,0.62,0.57,5.27,0.17,1502.93,19.9,102.98,121.02,763.99,329.5
1019,KADUNA,2016,94.18,24.05,24.05,13.12,66.0,2.09,3.14,0.62,39.4,9.0,0.67,0.61,5.27,0.17,1566.21,20.1,104.33,122.34,795.59,315.79
1019,KADUNA,2017,94.14,24.13,24.16,12.39,63.0,2.15,3.23,0.62,39.6,12.2,0.68,0.62,5.27,0.17,1634.77,20.17,104.12,121.61,910.5,356.61
1019,KADUNA,2018,94.13,24.25,24.12,12.76,64.5,2.08,3.12,0.59,38.55,9.11,0.64,0.59,5.27,0.17,1381.64,20.27,104.8,123.22,937.82,360.18
1019,KADUNA,2019,94.15,24.69,24.48,12.76,63.88,2.1,3.14,0.56,39.45,9.91,0.61,0.56,5.27,0.18,1582.03,19.82,102.93,124.59,927.16,359.395
1019,KADUNA,2020,94.18,23.04,23.15,13.37,70.88,2.3,3.45,0.74,38.58,8.67,0.8,0.75,10.55,0.18,3396.09,20.23,104.52,123.92,916.62,358.6
1019,KADUNA,2021,94.13,23.3,23.36,13.37,70.19,2.21,3.33,0.75,38.28,10.51,0.8,0.76,17.43,0.17,6360.63,20.62,106.0,123.29,977.03,380.04
1022,KEBBI,1981,98.11,26.07,25.88,13.31,64.0,1.97,2.95,0.58,41.56,12.48,0.62,0.57,5.27,0.27,1154.88,20.86,104.34,121.48,20.15,15.5
1022,KEBBI,1982,98.11,26.18,25.86,13.73,65.56,1.99,2.95,0.56,40.16,12.83,0.59,0.55,5.27,0.27,1086.33,20.86,104.34,121.48,20.15,15.5
1022,KEBBI,1983,98.15,26.67,26.26,12.7,60.0,2.14,3.16,0.53,42.08,11.29,0.6,0.56,5.27,0.27,1102.15,20.86,104.34,121.48,20.15,15.5
1022,KEBBI,1984,98.04,26.57,26.14,13.31,63.0,2.02,3.02,0.52,40.83,12.35,0.55,0.52,0.0,0.27,943.95,20.86,104.34,121.48,20.15,15.5
1022,KEBBI,1985,98.07,26.94,26.36,12.7,60.0,2.11,3.1,0.51,40.76,13.3,0.57,0.53,0.0,0.27,959.77,21.0,104.34,121.48,20.15,15.5
1022,KEBBI,1986,98.11,26.87,26.45,13.43,62.31,2.05,3.01,0.53,40.47,11.65,0.58,0.55,5.27,0.27,1117.97,20.4,104.34,121.48,20.15,15.5
1022,KEBBI,1987,98.08,27.79,27.26,12.57,56.75,2.09,3.12,0.5,42.56,13.06,0.56,0.52,0.0,0.26,949.22,20.54,104.34,121.48,20.15,15.5
1022,KEBBI,1988,98.06,27.23,26.76,13.12,60.75,2.19,3.23,0.53,42.15,12.59,0.59,0.55,5.27,0.25,1186.52,20.27,104.34,121.48,20.15,15.5
1022,KEBBI,1989,98.11,26.03,25.65,12.94,62.88,2.25,3.34,0.56,41.76,10.01,0.61,0.57,5.27,0.23,1202.34,20.55,104.34,121.48,20.15,15.5
1022,KEBBI,1990,98.1,27.17,26.81,13.67,62.5,2.03,3.0,0.53,40.87,13.96,0.57,0.53,0.0,0.23,917.58,20.33,104.34,121.48,20.15,15.5
1022,KEBBI,1991,98.1,27.02,26.62,13.92,64.38,1.88,2.81,0.55,41.81,11.89,0.59,0.55,5.27,0.23,1012.5,19.88,104.34,121.48,20.15,15.5
1022,KEBBI,1992,98.13,26.44,26.06,12.88,61.38,2.18,3.22,0.53,41.62,9.44,0.57,0.54,5.27,0.23,980.86,20.07,104.34,121.48,20.15,15.5
1022,KEBBI,1993,98.1,26.99,26.51,13.37,61.94,2.09,3.09,0.54,41.38,11.76,0.59,0.55,5.27,0.23,1065.23,20.41,104.34,121.48,20.15,15.5
1022,KEBBI,1994,98.11,26.19,25.81,13.73,66.12,2.15,3.2,0.59,40.81,9.9,0.63,0.59,5.27,0.23,1408.01,20.04,104.34,121.48,20.15,15.5
1022,KEBBI,1995,98.09,25.93,25.73,14.28,68.25,2.03,3.05,0.59,40.64,12.19,0.63,0.58,5.27,0.23,1102.15,19.88,104.34,121.48,20.15,15.5
1022,KEBBI,1996,98.06,26.64,26.26,13.73,64.94,1.98,2.98,0.56,41.37,12.94,0.61,0.56,5.27,0.23,1139.06,20.24,104.34,121.48,20.15,15.5
1022,KEBBI,1997,98.14,26.43,26.12,13.79,64.25,2.03,3.03,0.55,39.37,12.71,0.58,0.54,5.27,0.22,1033.59,20.14,104.34,121.48,20.15,15.5
1022,KEBBI,1998,98.11,27.19,26.85,13.55,61.62,2.12,3.14,0.55,42.66,11.18,0.61,0.57,5.27,0.22,1302.54,20.03,104.34,121.48,20.15,15.5
1022,KEBBI,1999,98.03,27.51,27.1,13.0,58.81,1.95,2.91,0.51,42.46,12.1,0.55,0.52,0.0,0.23,896.48,19.55,104.34,121.48,20.15,15.5
1022,KEBBI,2000,98.05,27.31,26.88,12.21,56.31,2.2,3.25,0.51,42.42,12.38,0.58,0.55,5.27,0.23,1112.7,19.91,104.34,121.48,22.63,22.2
1022,KEBBI,2001,98.11,26.95,26.59,12.39,57.31,2.06,3.08,0.5,41.46,11.86,0.55,0.52,0.0,0.2,896.48,20.13,104.34,121.48,22.48,22.2
1022,KEBBI,2002,98.12,27.32,26.91,12.94,58.44,2.12,3.14,0.52,43.1,10.39,0.57,0.54,5.27,0.2,1049.41,20.41,106.75,121.0,22.48,24.1
1022,KEBBI,2003,98.1,27.0,26.81,13.37,61.25,1.91,2.84,0.56,42.3,10.51,0.61,0.57,5.27,0.2,1181.25,20.47,107.3,123.62,26.95,22.5
1022,KEBBI,2004,98.09,27.4,27.07,13.06,59.06,1.97,2.94,0.51,42.25,14.26,0.55,0.52,0.0,0.19,812.11,20.29,105.75,119.98,26.95,27.0
1022,KEBBI,2005,98.05,28.15,27.74,13.06,57.38,1.95,2.91,0.49,43.01,13.49,0.56,0.53,5.27,0.19,1012.5,20.23,105.54,119.8,31.5,31.5
1022,KEBBI,2006,98.05,27.88,27.5,12.57,56.19,1.86,2.8,0.5,43.01,12.03,0.57,0.53,0.0,0.19,933.4,20.36,106.27,121.05,142.3,169.7
1022,KEBBI,2007,98.07,26.8,26.64,13.37,61.06,2.02,2.99,0.56,42.55,11.52,0.61,0.57,5.27,0.19,1186.52,20.07,104.73,118.84,142.3,169.7
1022,KEBBI,2008,98.06,26.78,26.54,12.76,59.25,2.07,3.06,0.53,42.53,9.88,0.58,0.54,0.0,0.19,954.49,20.33,106.01,120.44,142.3,169.7
1022,KEBBI,2009,98.06,27.62,27.27,13.61,61.44,1.84,2.75,0.52,42.37,12.29,0.58,0.54,5.27,0.19,965.04,20.4,106.95,121.24,142.3,169.7
1022,KEBBI,2010,98.06,27.19,27.01,13.85,62.94,1.87,2.79,0.56,42.41,11.9,0.61,0.57,5.27,0.2,1170.7,20.06,105.06,121.12,142.3,169.7
1022,KEBBI,2011,98.05,27.17,26.85,13.18,60.19,1.93,2.87,0.52,42.56,12.55,0.56,0.52,0.0,0.19,859.57,20.64,107.94,121.87,142.3,169.7
1022,KEBBI,2012,98.1,27.06,26.78,13.43,61.81,1.95,2.88,0.55,41.97,11.45,0.62,0.58,5.27,0.19,1212.89,20.05,105.05,120.95,142.3,169.7
1022,KEBBI,2013,98.1,28.14,27.56,13.61,60.19,1.9,2.8,0.48,40.43,11.78,0.54,0.5,0.0,0.19,611.72,20.5,107.9,123.45,142.3,169.7
1022,KEBBI,2014,98.11,28.27,27.7,12.94,56.81,2.02,2.97,0.48,42.29,13.19,0.55,0.52,0.0,0.2,954.49,20.64,108.3,122.84,252.4,150.1
1022,KEBBI,2015,98.17,27.8,27.3,12.45,55.5,2.16,3.16,0.49,42.72,10.19,0.57,0.53,5.27,0.2,1012.5,20.07,104.1,117.8,238.02,138.3
1022,KEBBI,2016,98.15,27.69,27.3,13.43,59.38,2.02,2.98,0.52,42.76,11.89,0.58,0.54,5.27,0.19,1044.14,19.81,103.34,119.32,290.29,161.27
1022,KEBBI,2017,98.11,27.15,27.04,13.0,59.25,1.97,2.92,0.57,42.73,13.73,0.64,0.59,5.27,0.19,1339.45,20.59,106.73,120.89,335.54,172.41
1022,KEBBI,2018,98.12,26.4,26.35,14.22,65.69,1.88,2.8,0.61,41.37,10.74,0.66,0.61,5.27,0.19,1328.91,20.4,106.16,122.16,357.48,173.86
1022,KEBBI,2019,98.13,26.65,26.58,14.04,64.38,1.88,2.82,0.58,42.61,11.23,0.62,0.57,5.27,0.19,1091.6,20.67,107.79,123.67,353.05,173.975
1022,KEBBI,2020,98.15,25.88,25.89,14.4,68.25,2.12,3.17,0.66,40.6,10.33,0.7,0.64,5.27,0.19,1792.97,20.43,106.11,121.87,345.67,174.09
1022,KEBBI,2021,98.1,26.29,26.23,14.16,66.38,2.02,3.02,0.65,42.61,12.3,0.7,0.65,4.45,0.19,1625.16,21.08,108.77,122.92,335.68,170.79
1028,OGUN,1981,100.09,25.44,25.24,17.21,86.12,1.17,2.0,0.74,32.7,16.46,0.85,0.73,5.27,0.24,1640.04,18.75,87.1,118.52,102.01,53.8
1028,OGUN,1982,100.09,24.98,24.77,16.78,86.12,1.21,2.05,0.75,32.68,15.84,0.88,0.74,5.27,0.24,1687.5,18.75,87.1,118.52,102.01,53.8
1028,OGUN,1983,100.12,25.73,25.32,16.42,82.06,1.31,2.22,0.59,36.36,13.9,0.7,0.58,5.27,0.24,1012.5,18.75,87.1,118.52,102.01,53.8
1028,OGUN,1984,100.01,25.9,25.48,16.3,81.38,1.21,2.05,0.58,36.19,14.8,0.64,0.56,5.27,0.24,1297.27,18.75,87.1,118.52,102.01,53.8
1028,OGUN,1985,100.05,25.66,25.33,16.6,83.31,1.21,2.05,0.62,36.86,16.5,0.7,0.62,5.27,0.23,1571.48,18.39,87.1,118.52,102.01,53.8
1028,OGUN,1986,100.11,25.24,25.03,16.54,84.06,1.24,2.11,0.66,32.41,15.37,0.74,0.65,5.27,0.23,1423.83,17.94,87.1,118.52,102.01,53.8
1028,OGUN,1987,100.07,26.33,26.03,17.52,84.19,1.16,1.99,0.66,35.08,18.0,0.73,0.65,5.27,0.23,1898.44,18.69,87.1,118.52,102.01,53.8
1028,OGUN,1988,100.05,25.7,25.5,17.64,86.81,1.22,2.07,0.74,34.29,16.56,0.84,0.73,5.27,0.22,2156.84,18.15,87.1,118.52,102.01,53.8
1028,OGUN,1989,100.08,24.99,24.89,16.72,85.06,1.22,2.07,0.73,32.8,14.04,0.84,0.73,5.27,0.2,1629.49,17.94,87.1,118.52,102.01,53.8
1028,OGUN,1990,100.08,25.83,25.57,17.58,86.44,1.21,2.06,0.68,34.18,18.47,0.79,0.66,5.27,0.2,1360.55,17.93,87.1,118.52,102.01,53.8
1028,OGUN,1991,100.08,25.64,25.44,17.4,86.0,1.21,2.06,0.69,33.19,14.71,0.79,0.67,5.27,0.21,1487.11,17.8,87.1,118.52,102.01,53.8
1028,OGUN,1992,100.1,25.31,25.11,16.66,84.12,1.29,2.18,0.65,34.85,13.01,0.75,0.63,5.27,0.22,1202.34,17.59,87.1,118.52,102.01,53.8
1028,OGUN,1993,100.08,25.63,25.39,17.03,84.5,1.25,2.12,0.65,34.18,15.21,0.74,0.64,5.27,0.21,1640.04,17.6,87.1,118.52,102.01,53.8
1028,OGUN,1994,100.08,25.41,25.23,17.15,85.69,1.25,2.12,0.69,33.41,15.64,0.78,0.67,5.27,0.21,1455.47,18.45,87.1,118.52,102.01,53.8
1028,OGUN,1995,100.05,25.51,25.41,17.52,86.5,1.18,2.02,0.73,33.5,17.01,0.84,0.73,5.27,0.21,1919.53,17.6,87.1,118.52,102.01,53.8
1028,OGUN,1996,100.03,25.67,25.47,17.64,87.0,1.21,2.05,0.72,32.94,18.55,0.84,0.71,5.27,0.2,1487.11,17.8,87.1,118.52,102.01,53.8
1028,OGUN,1997,100.1,25.53,25.36,17.4,86.38,1.19,2.03,0.73,33.4,15.58,0.84,0.71,5.27,0.2,1803.52,17.21,87.1,118.52,102.01,53.8
1028,OGUN,1998,100.06,26.03,25.9,17.64,84.69,1.18,2.02,0.67,34.15,15.84,0.77,0.66,5.27,0.2,1281.45,17.86,87.1,118.52,102.01,53.8
1028,OGUN,1999,100.01,25.62,25.48,17.58,86.38,1.16,2.0,0.67,32.83,16.44,0.77,0.66,5.27,0.2,1228.71,17.57,87.1,118.52,102.01,53.8
1028,OGUN,2000,100.02,25.63,25.51,17.09,84.0,1.15,1.98,0.61,33.78,15.19,0.69,0.59,0.0,0.2,928.12,17.64,87.1,118.52,93.04,45.55
1028,OGUN,2001,100.07,25.77,25.58,17.52,85.75,1.17,2.02,0.65,34.0,14.85,0.74,0.63,5.27,0.16,1350.0,16.41,87.1,118.52,95.11,51.56
1028,OGUN,2002,100.08,25.74,25.61,17.58,85.62,1.17,2.0,0.66,34.14,14.53,0.76,0.65,5.27,0.16,1339.45,16.52,87.87,118.46,112.37,60.81
1028,OGUN,2003,100.07,25.76,25.67,18.01,87.5,1.16,1.99,0.7,33.55,14.87,0.81,0.69,5.27,0.15,1434.38,16.53,88.08,118.07,116.57,56.05
1028,OGUN,2004,100.06,25.67,25.6,18.01,87.81,1.16,1.99,0.74,32.72,17.33,0.85,0.73,5.27,0.15,1576.76,16.3,86.75,116.51,133.99,59.12
1028,OGUN,2005,100.04,25.76,25.67,18.07,87.38,1.19,2.05,0.7,32.86,13.31,0.81,0.68,5.27,0.14,1017.77,16.06,85.6,116.16,208.81,70.36
1028,OGUN,2006,100.03,25.86,25.78,18.13,87.38,1.13,1.96,0.68,33.47,16.73,0.77,0.67,5.27,0.14,1497.66,16.42,87.66,116.92,402.2,128.9
1028,OGUN,2007,100.04,25.37,25.37,17.7,87.06,1.16,2.02,0.75,33.09,13.45,0.84,0.74,5.27,0.15,1819.34,16.76,89.08,116.93,402.2,128.9
1028,OGUN,2008,100.01,25.26,25.27,17.64,87.44,1.11,1.92,0.78,32.43,13.66,0.88,0.78,5.27,0.14,1650.59,16.85,89.45,117.14,402.2,128.9
1028,OGUN,2009,100.04,25.65,25.58,18.25,88.88,1.12,1.95,0.78,32.19,17.08,0.89,0.78,5.27,0.15,1655.86,16.37,87.25,117.3,402.2,128.9
1028,OGUN,2010,100.03,25.85,25.8,18.43,88.81,1.12,1.95,0.8,33.18,17.26,0.9,0.81,5.27,0.14,2172.66,16.77,89.57,117.68,402.2,128.9
1028,OGUN,2011,100.01,25.36,25.34,17.82,87.94,1.13,1.96,0.8,32.11,14.22,0.91,0.8,5.27,0.14,1687.5,16.53,87.86,116.56,402.2,128.9
1028,OGUN,2012,100.07,25.3,25.24,17.82,88.56,1.16,2.0,0.82,32.19,16.01,0.91,0.83,5.27,0.15,2046.09,16.11,85.9,117.05,402.2,128.9
1028,OGUN,2013,100.08,25.45,25.38,18.01,88.69,1.17,2.02,0.81,31.95,15.2,0.92,0.82,5.27,0.14,1497.66,16.65,88.91,118.19,402.2,128.9
1028,OGUN,2014,100.09,25.75,25.63,18.25,88.75,1.12,1.94,0.8,32.18,17.27,0.91,0.8,5.27,0.14,1935.35,16.29,87.17,117.82,215.6,129.7
1028,OGUN,2015,100.13,25.48,25.41,17.7,86.69,1.23,2.09,0.74,32.59,11.45,0.86,0.72,5.27,0.14,1255.08,16.43,87.31,115.64,223.67,120.3
1028,OGUN,2016,100.1,26.02,25.9,18.07,86.56,1.16,1.98,0.71,34.1,15.27,0.81,0.7,5.27,0.14,1703.32,16.62,88.62,116.14,257.17,121.66
1028,OGUN,2017,100.07,25.88,25.79,18.25,88.06,1.09,1.89,0.77,32.82,17.58,0.87,0.76,5.27,0.14,1576.76,16.5,87.8,115.34,281.33,137.39
1028,OGUN,2018,100.07,25.58,25.56,17.94,87.69,1.12,1.93,0.77,32.9,14.22,0.88,0.78,5.27,0.15,1877.34,16.76,89.02,116.89,293.37,140.3
1028,OGUN,2019,100.08,25.9,25.87,18.43,88.44,1.11,1.91,0.82,32.4,15.56,0.92,0.84,5.27,0.15,2225.39,16.72,89.15,118.64,291.63,140.965
1028,OGUN,2020,100.09,25.69,25.6,17.88,87.06,1.18,2.02,0.76,33.38,13.22,0.88,0.75,5.27,0.15,1545.12,16.89,89.38,117.48,289.9,141.65
1028,OGUN,2021,100.05,25.98,25.86,18.31,87.88,1.11,1.92,0.77,33.34,17.37,0.86,0.77,6.0,0.15,2189.33,17.16,90.64,116.29,286.24,139.09
1031,OYO,1981,97.9,24.58,24.51,15.93,81.56,1.73,2.62,0.72,33.58,14.9,0.76,0.7,5.27,0.23,1429.1,19.41,93.48,119.66,142.37,142.37
1031,OYO,1982,97.91,24.44,24.23,15.56,81.5,1.8,2.73,0.71,34.01,14.96,0.75,0.7,5.27,0.23,1487.11,19.41,93.48,119.66,142.37,142.37
1031,OYO,1983,97.93,26.19,25.39,14.95,74.38,2.1,3.12,0.55,39.69,12.87,0.59,0.55,0.0,0.23,949.22,19.41,93.48,119.66,142.37,142.37
1031,OYO,1984,97.82,25.64,25.05,15.14,76.62,1.81,2.72,0.62,38.68,13.98,0.66,0.62,5.27,0.23,1481.84,19.41,93.48,119.66,142.37,142.37
1031,OYO,1985,97.86,25.0,24.64,15.44,79.38,1.85,2.8,0.66,37.87,14.52,0.7,0.65,5.27,0.22,1434.38,19.11,93.48,119.66,142.37,142.37
1031,OYO,1986,97.92,24.53,24.33,15.56,80.81,1.88,2.84,0.68,33.65,12.99,0.7,0.66,5.27,0.23,1381.64,18.76,93.48,119.66,142.37,142.37
1031,OYO,1987,97.89,25.94,25.52,16.05,78.62,1.78,2.69,0.64,37.59,16.16,0.66,0.62,5.27,0.23,1413.28,19.28,93.48,119.66,142.37,142.37
1031,OYO,1988,97.86,25.18,24.96,16.48,82.38,1.86,2.81,0.73,36.32,14.31,0.75,0.71,5.27,0.21,1951.17,18.74,93.48,119.66,142.37,142.37
1031,OYO,1989,97.89,24.44,24.32,15.5,80.25,1.88,2.87,0.71,34.68,11.65,0.74,0.7,5.27,0.2,1566.21,18.8,93.48,119.66,142.37,142.37
1031,OYO,1990,97.9,25.26,24.99,16.42,82.31,1.77,2.7,0.68,37.15,16.24,0.7,0.66,5.27,0.19,1323.63,18.88,93.48,119.66,142.37,142.37
1031,OYO,1991,97.9,25.05,24.83,16.36,82.38,1.84,2.77,0.7,35.26,13.34,0.73,0.69,5.27,0.2,1402.73,18.78,93.48,119.66,142.37,142.37
1031,OYO,1992,97.91,24.7,24.52,15.32,79.06,1.93,2.95,0.66,36.65,11.72,0.68,0.64,5.27,0.21,1239.26,18.79,93.48,119.66,142.37,142.37
1031,OYO,1993,97.89,25.33,24.98,15.75,79.06,1.92,2.9,0.66,36.78,14.17,0.68,0.64,5.27,0.2,1455.47,18.57,93.48,119.66,142.37,142.37
1031,OYO,1994,97.9,24.65,24.48,15.99,82.25,1.96,2.98,0.72,35.01,13.68,0.75,0.7,5.27,0.2,1703.32,19.43,93.48,119.66,142.37,142.37
1031,OYO,1995,97.87,24.64,24.61,16.42,83.31,1.78,2.73,0.77,34.28,15.33,0.81,0.77,5.27,0.2,1982.81,18.55,93.48,119.66,142.37,142.37
1031,OYO,1996,97.85,24.81,24.69,16.48,83.44,1.79,2.73,0.74,33.41,15.64,0.78,0.73,5.27,0.19,1471.29,19.08,93.48,119.66,142.37,142.37
1031,OYO,1997,97.92,24.96,24.82,16.11,81.25,1.75,2.67,0.71,36.42,14.37,0.74,0.7,5.27,0.19,1608.4,18.33,93.48,119.66,142.37,142.37
1031,OYO,1998,97.89,25.23,25.19,16.3,80.38,1.79,2.75,0.72,35.8,14.14,0.76,0.7,5.27,0.19,1476.56,18.79,93.48,119.66,142.37,142.37
1031,OYO,1999,97.83,24.76,24.71,16.42,83.0,1.73,2.64,0.72,33.33,14.43,0.74,0.7,5.27,0.19,1350.0,18.4,93.48,119.66,142.37,142.37
1031,OYO,2000,97.84,24.82,24.75,15.56,79.12,1.77,2.7,0.66,35.9,13.97,0.69,0.64,5.27,0.19,1218.16,18.62,93.48,119.66,120.55,120.55
1031,OYO,2001,97.89,25.36,25.1,15.93,79.69,1.77,2.71,0.62,37.62,14.39,0.66,0.61,5.27,0.15,1223.44,17.79,93.48,119.66,136.45,136.45
1031,OYO,2002,97.9,25.56,25.33,15.93,78.5,1.79,2.72,0.63,37.83,13.45,0.66,0.62,5.27,0.16,1376.37,17.96,94.63,119.73,137.59,160.93
1031,OYO,2003,97.89,25.3,25.21,16.48,81.31,1.73,2.63,0.68,37.43,13.6,0.7,0.66,5.27,0.15,1413.28,17.9,94.57,119.95,149.48,148.34
1031,OYO,2004,97.88,25.05,25.05,16.72,82.88,1.63,2.52,0.75,35.8,15.69,0.79,0.74,5.27,0.16,1734.96,17.61,92.73,118.01,157.59,156.45
1031,OYO,2005,97.86,25.09,25.05,16.85,83.19,1.75,2.69,0.69,34.72,11.99,0.72,0.66,0.0,0.15,938.67,17.32,91.26,117.99,186.86,186.22
1031,OYO,2006,97.85,25.71,25.51,16.48,80.06,1.73,2.6,0.64,39.07,13.55,0.66,0.62,5.27,0.15,1307.81,17.5,92.44,118.49,200.0,167.1
1031,OYO,2007,97.86,24.81,24.83,16.36,82.0,1.72,2.65,0.73,35.76,12.78,0.76,0.72,5.27,0.16,1645.31,17.65,93.02,118.08,200.0,167.1
1031,OYO,2008,97.84,24.49,24.58,16.17,82.06,1.66,2.58,0.73,33.17,12.44,0.77,0.73,5.27,0.15,1450.2,17.98,94.57,118.69,200.0,167.1
1031,OYO,2009,97.86,25.07,25.02,16.97,84.12,1.59,2.45,0.72,33.4,15.23,0.75,0.7,5.27,0.15,1386.91,17.46,92.29,119.16,200.0,167.1
1031,OYO,2010,97.85,25.26,25.23,17.03,83.56,1.67,2.56,0.73,34.9,14.65,0.77,0.73,5.27,0.15,1724.41,17.76,93.97,119.51,200.0,167.1
1031,OYO,2011,97.84,24.6,24.72,16.42,82.69,1.62,2.5,0.76,32.89,13.03,0.8,0.74,5.27,0.15,1429.1,17.54,92.42,118.65,200.0,167.1
1031,OYO,2012,97.89,24.69,24.66,16.54,83.81,1.7,2.62,0.76,33.3,13.64,0.79,0.74,5.27,0.15,1682.23,16.97,89.66,118.3,200.0,167.1
1031,OYO,2013,97.9,24.98,24.87,16.85,84.25,1.71,2.63,0.72,33.76,13.84,0.75,0.7,5.27,0.15,1096.88,17.84,94.57,120.77,200.0,167.1
1031,OYO,2014,97.91,25.52,25.29,16.78,82.5,1.67,2.55,0.69,35.66,14.33,0.71,0.67,5.27,0.15,1513.48,17.5,92.8,119.87,390.0,170.8
1031,OYO,2015,97.95,25.12,25.01,16.3,80.75,1.84,2.8,0.68,35.87,11.32,0.71,0.66,5.27,0.15,1170.7,17.38,91.33,116.96,248.41,173.0
1031,OYO,2016,97.93,25.82,25.62,16.42,79.06,1.74,2.66,0.66,39.06,14.33,0.68,0.64,5.27,0.15,1471.29,17.67,93.23,118.05,243.57,119.47
1031,OYO,2017,97.89,25.3,25.26,16.72,82.25,1.59,2.46,0.73,35.55,16.32,0.77,0.73,5.27,0.15,1571.48,17.7,93.26,117.41,269.06,134.63
1031,OYO,2018,97.9,24.78,24.86,16.48,82.44,1.67,2.59,0.76,34.33,12.41,0.79,0.75,5.27,0.16,1745.51,17.87,93.89,118.88,317.73,153.48
1031,OYO,2019,97.91,25.03,25.09,17.03,84.0,1.62,2.52,0.79,33.17,13.68,0.83,0.79,5.27,0.16,1993.36,17.76,93.72,120.75,311.485,158.055
1031,OYO,2020,97.92,24.94,24.96,16.42,81.88,1.81,2.78,0.73,34.08,12.8,0.77,0.71,5.27,0.15,1371.09,17.94,93.95,119.34,305.36,162.86
1031,OYO,2021,97.87,25.37,25.29,16.78,82.31,1.62,2.49,0.75,35.93,15.32,0.77,0.74,6.31,0.16,2301.38,18.24,95.31,118.58,315.82,170.86
